ลำดันที่2023,ลำดันที่2024,ยอดขายปี 2024 (MB),ชื่อสินค้า (ชื่อการค้า),สารสําคัญ,ชื่อสาร,กลุ่มสาร,Strategy Group,Formulation,ลักษณะกายภาพ,คุณสมบัติเด่น (Selling point),การดูดซึมเข้าสู่พืช,กลไกการออกฤทธิ์,ลักษณะการออกฤทธิ์,ศัตรูพืชที่กำจัดได้,ใช้ได้กับพืช,วิธีใช้,ช่วงการใช้,อัตราการใช้,ความเป็นพิษต่อพืชประธาน,แถบสีข้างฉลาก,หมายเลขทะเบียน,วันทะเบียนหมดอายุ,ประเภททะเบียนผลิต,แหล่งนำเข้าสินค้า,Link ของทะเบียนสินค้า
1,1,136,โมเดิน 50,OMETHOATE 50% W/V SL,โอเมทโทเอต,Insecticide,Expand,SL,น้ำ,สูตรเย็นปลอดภัย มีกลิ่นเหม็นช่วยไล่แมลง,Systemic ออกฤทธิ์แบบดูดซึม ,1B : Organophosphates (Nerve & Muscle) ,ออกฤทธิ์ดูดซึม กินตาย สัมผัสตาย และมีคุณสมบัติเป็นไอระเหยและมีกลิ่นในการช่วยไล่แมลง ทำให้ลดการระบาดและควบคุมได้นาน,เพลี้ยไฟ เพลี้ยจักจั่นฝอย เพลี้ยไก่แจ้,ปลอดภัยใช้ได้ทุกพืช โดยเฉพาะทุเรียน,ผสมน้ำฉีดพ่นบริเวณที่ใบให้ทั่วทรงพุ่ม,ป้องกันแมลงในระยะแตกใบอ่อน,300 ซีซีต่อ 200 ลิตร,ปลอดภัยสูง,สีเหลือง,,31/1/2569,,"Labor Kaifeng Agrochemicals Co.,Ltd.",http://system.icpladda.com/CDN//omethoate%2050%20SL_%E0%B9%82%E0%B8%A1%E0%B9%80%E0%B8%94%E0%B8%B4%E0%B8%99%2050_16042021_101559.pdf
2,2,66,พรีดิคท์ 25,PACLOBUTRAZOL 25% SC,แพคโคบิวทราโซล,PGR,Expand,SC,น้ำ,สูตรครีม เข้มข้น ดูดซึมเร็ว เกษตรกรมั่นใจใช้มานาน,Systemic ออกฤทธิ์แบบดูดซึม ,PGR (Plants Growth Regulator) ช่วยยับยั้งการทำงานของ Gib ลดการแตกใบอ่อน ช่วยเพิ่มปริมาณการออกดอก,ใช้ควบคุมการเจริญเติบโตของพืช สามารถดูดซึมผ่านทางรากและทางใบ ราดทางดินจะดูดซึมได้ดีและเร็วกว่า เพิ่มความเขียวของใบ สะสมแป้ง และน้ำตาล เร่งใบให้แก่ พัฒนาตาดอก,ยับยั้งการแตกใบอ่อน,ทุเรียน,ผสมน้ำฉีดพ่นบริเวณที่ใบให้ทั่วทรงพุ่ม,ทุเรียน : ใช้พ่นที่ใบ ในระยะใบเพสลาด,800-1000 ซีซีต่อไร่,ปลอดภัย,สีน้ำเงิน,1621-2556,04/09/2025,,"YANCHENG LIMIN CHEMICAL CO., LTD.",http://system.icpladda.com/CDN//paclobutrazole%2025%20SC_%E0%B8%9E%E0%B8%A3%E0%B8%B5%E0%B8%94%E0%B8%B4%E0%B8%84%E0%B8%97%E0%B9%8C%2025%20%E0%B9%80%E0%B8%AD%E0%B8%9F_17012021_142252.pdf
4,3,54,ราเซอร์,ACETOCHLOR 50% W/V EC,อะเซโทคลอร์,Herbicide,Expand, EC,น้ำ,สูตรต้นตำหรับยาคุมแห้งในพืชไร่ คุมได้นาน 3 เดือน  ใช้ตัวทำละลาย Solvesso oil ทำให้สารออกฤทธิ์ของความคงตัวสูง เปอร์เซ็นต์สารออกฤทธิ์ไม่ตกง่าย เนื้อยาไม่แยกชั้น ไม่ตกตะกอน และไม่ไวไฟ ,Systemic ออกฤทธิ์แบบดูดซึม ,K3 : Inhibition of Very Long-Chain Fatty Acid Synthesis,ยาคุมแห้งในพืชไร่ คุมได้นาน 3 เดือน,วัชพืชใบแคบ วัชพืชใบกว้าง และกก,พืชไร่่ อ้อย ข้วโพด มันสำปะหลัง หอมกระเทียม,ผสมน้ำฉีดพ่นบริเวณที่หน้าดินให้ทั่วถึง และสม่ำเสมอ,ใช้หลังปลูกพืชประธาน 0-3 วัน  ,800 ซีซีต่อไร่,ปลอดภัย,สีน้ำเงิน,1804-2555,30/09/2030,Formulate from TC,"SHANDONG WEIFANG RAINBOW CHEMICAL CO., LTD.",http://system.icpladda.com/CDN//acetochlor%2050%20EC_%E0%B8%A3%E0%B8%B2%E0%B9%80%E0%B8%8B%E0%B8%AD%E0%B8%A3%E0%B9%8C_26092024_095538.pdf
6,4,52,พาสนาว,GLUFOSINATE-AMMONIUM 15% W/V SL,กลูโฟซิเนต แอมโมเนียม,Herbicide,Natural,SL,น้ำ,กลูโฟสูตรน้ำ 1 ใช้วัตถุดิบในการผลิต Tech แหล่งคุณภาพดี ความบริสุทธิ์สูง เพิ่มสารเสริมประสิทธิภาพอย่างดี วัชพืชตายดีกว่าสูตรธรรมดาทั่วไป ,Contact ออกฤทธิ์แบบสัมผัส,H : Inhibition of Glutamine Synthetase ออกฤทธิ์ ยับยั้งการสังเคราะห์ “ glutamine”,ลักษณะการตายของวัชพืชแสดงอาการเหลือง ใน 3 วัน และแห้งตายภายใน 7-10 วัน,วัชพืชใบแคบ วัชพืชใบกว้าง และกก,พืชไร่ และไม้ยืนต้น,ผสมน้ำฉีดพ่นที่ใบของวัชพืชให้ทั่วถึง และ ระวังไม่ให้ละอองปลิวไปโดนพืชประธานและ พืชใกล้เคียง,ก่อนปลูกพืช และหลังปลูกพืช 2-3 เดือน (หญ้ายังไม่ออกดอก หรือความสูงไม่เกิน 30 cm),800-1000 ซีซีต่อไร่,ค่อนข้างปลอดภัย ควรหลีกเลี่ยงพ่นโดนพืชพระธาน ไม่ดูดซึมเข้าทางราก,สีน้ำเงิน,1554-2564,20/06/2027,,"YONGNONG BIOSCIENCES CO., LTD.",http://system.icpladda.com/CDN//glufosinate%2015%20SL_%E0%B8%9E%E0%B8%B2%E0%B8%AA%E0%B8%99%E0%B8%B2%E0%B8%A7_07072021_235227.pdf
3,5,51,โค-ราซ,PROCHLORAZ 45% W/V EW,โพรคลอราซ,Fungicide,Expand, EW,น้ำ,สูตร EW ปลอดภัยต่อดอก เด่นในการควบคุมโรค แอนแทรคโนส,Translaminar ออกฤทธิ์แบบแทรกซึม ,"3 : imidazoles (G: sterol biosynthesis in membranes)",ออกฤทธิ์แบบแทรกซึม,ใช้ป้องกันกำจัดโรคเชื้อรา เช่น แอนแทรคโนส ใบไหม้ ใบจุดสนิม ,"ทุเรียน , มะม่วง(บางสายพันธุ์)",ผสมน้ำฉีดพ่นบริเวณ ดอกและผลอ่อน,ระยะดอก หรือ ระยะผล ในช่วงที่สภาพอากาศมีความชื้นสูง หรือฝนตกชุก,100-150 ซีซีต่อ 200 ลิตร,ปลอดภัยสูง,สีน้ำเงิน,,,,,http://system.icpladda.com/CDN//prochloraz%2045%20EW_%E0%B9%82%E0%B8%84-%E0%B8%A3%E0%B8%B2%E0%B8%8B_29042025_111746.pdf
9,6,48,ทูโฟฟอส,"2,4-D-BUTYL 3.76% + ANILOFOS 1.5% GR","อะนิโลฟอส+2,4-D",Herbicide,Skyrocket,GR,ทราย,กำจัดข้าวดีด และวัชพืชดื้อยาได้ดีเยี่ยม,Systemic ออกฤทธิ์แบบดูดซึม ,K3 : Inhibition of Very Long-Chain Fatty Acid Synthesis + O : Auxin Mimics,กำจัดวัชพืชทุกชนิด ที่จมอยู่ใต้น้ำหลังหว่านยา,ข้ววัชพืช (ข้าวดีด) วัชพืชใบแคบ วัชพืชใบกว้าง และกก ในนาข้าว,นาข้าว,ใช้หว่าน ให้สม่ำเสมอ ทั่วพื้นที่ตามอัตราที่แนะนำ,ใช้หว่านที่ระยะ 8 วันหลังหว่านข้าว และกักน้ำไว้อีกอย่างน้อย 10 วัน, 5 กก. ต่อไร่,มีความเสี่ยงเป็นพิษต่อข้าวปลูกได้ หากเกิดการน้ำท่วมยอดข้าว,สีน้ำเงิน,,,,,"http://system.icpladda.com/CDN//2,4-D-butyl%20anilofos_%E0%B8%97%E0%B8%B9%E0%B9%82%E0%B8%9F%E0%B8%9F%E0%B8%AD%E0%B8%AA_17032025_140537.pdf"
12,7,36,นาแดน-จี,CARTAP HYDROCHLORIDE 4% GR,คาร์แทป 4 จี,Insecticide,Expand,GR,ทราย,1.ใช้ป้องกันกำจัด หนอนกอข้าว เช่น หนอนกอแถบลาย หนอนกอสีครีม หนอนกอสีชมพู หนอนกอลายม่วง ออกฤทธิ์แบบดูดซึม ทำให้แมลงไม่กินอาหารและตายในที่สุด ปลอดภัยต่อปลาน้ำลึก  2. เม็ดสีม่วงอ่อน ขนาดของเม็ดใหญ่สม่ำเสมอ ไม่มีสิ่งเจือปน กลิ่นฉุนเล็กน้อย  3. หว่านง่าย ไม่ติดมือ และเครื่องฉีดพ่น มีกลิ่นเล็กน้อยและไม่มีฝุ่นผงรบกวนการใช้ของเกษตรกร  4. ไม่มีความชื้น ด้วยกระบวนการผลิตที่มีคุณภาพของทางโรงงาน และเรายังรับประกันถ้าเกิดความชื้นที่เกิดจากเนื้อยาภายใน 2 ปี  ,Systemic ออกฤทธิ์แบบดูดซึม ,14 : Nicotinic acetylcholine receptor (nAChR) channel blockers,ออกฤทธิ์แบบดูดซึม ทำให้แมลงไม่กินอาหารและตายในที่สุด ปลอดภัยต่อปลาน้ำลึก,ใช้ป้องกันกำจัด หนอนกอข้าว เช่น หนอนกอแถบลาย หนอนกอสีครีม หนอนกอสีชมพู หนอนกอลายม่วง,นาข้าว นาหว่านน้ำตม นาดำ,ใช้หว่าน ให้ทั่วพื้นที่ ตามอัตราที่แนะนำ,นาข้าว ใช้หว่านในระยะข้าวอายุ 20 วันหรือพร้อมการหว่านปุ๋ยครั้งแรก เพื่อป้องกัน หนอนกอ ,นาข้าวใช้ 3-5 กก. ต่อไร่ ,ปลอดภัยสูง,สีน้ำเงิน,,,,,http://system.icpladda.com/CDN//cartap%204%20GR_%E0%B8%99%E0%B8%B2%E0%B9%81%E0%B8%94%E0%B8%99-%E0%B8%88%E0%B8%B5._03122024_104102.pdf
20,8,35,นาแดน 6 จี,CARTAP HYDROCHLORIDE 3% + FENOBUCARB 3% GR,คาร์แทป+ฟีโนบูคาร์บ 6 จี,Insecticide,Expand,GR,ทราย,1.ใช้ป้องกันกำจัด เพลี้ยกระโดดสีน้ำตาล เพลี้ยกระโดดหลังขาว เพลี้ยจักจั่นเขียว หนอนกอสีครีม หนอนกอแถบลายม่วง หนอนกอแถบลาย หนอนห่อใบข้าว ออกฤทธิ์แบบดูดซึม และสัมผัสตาย กินตาย   2. เม็ดสีน้ำเงิน ขนาดของเม็ดใหญ่สม่ำเสมอ ไม่มีสิ่งเจือปน กลิ่นฉุนเล็กน้อย   3. หว่านง่าย ไม่ติดมือ และเครื่องฉีดพ่น มีกลิ่นเล็กน้อยและไม่มีฝุ่นผงรบกวนการใช้ของเกษตรกร  4. ไม่มีความชื้น ด้วยกระบวนการผลิตที่มีคุณภาพของทางโรงงาน และเรายังรับประกันถ้าเกิดความชื้นที่เกิดจากเนื้อยาภายใน 2 ปี  ,Systemic ออกฤทธิ์แบบดูดซึม,"14 : Nicotinic acetylcholine receptor (nAChR) channel blockers + 1A : Inhibit AChE, causing hyperexcitation.",ออกฤทธิ์แบบดูดซึม ทำให้แมลงไม่กินอาหารและตายในที่สุด ปลอดภัยต่อปลาน้ำลึก,ใช้ป้องกันกำจัด  เพลี้ยกระโดดสีน้ำตาล เพลี้ยกระโดดหลังขาว เพลี้ยจักจั่นเขียว หนอนกอสีครีม หนอนกอแถบลายม่วง หนอนกอแถบลาย หนอนห่อใบข้าว,นาข้าว นาหว่านน้ำตม นาดำ,ใช้หว่าน ให้ทั่วพื้นที่ ตามอัตราที่แนะนำ,นาข้าว ใช้หว่านในระยะข้าวอายุ 20 วันหรือพร้อมการหว่านปุ๋ยครั้งแรก เพื่อป้องกัน หนอนกอ ,นาข้าวใช้ 3-5 กก. ต่อไร่ ,ปลอดภัยสูง,สีเหลือง,,,,,http://system.icpladda.com/CDN//cartap+fenobucarb_%E0%B8%99%E0%B8%B2%E0%B9%81%E0%B8%94%E0%B8%99%206%20%E0%B8%88%E0%B8%B5_22022021_091627.pdf
7,9,26,ก๊อปกัน,MANCOZEB 80% WP ,แมนโคเซบ,Fungicide,Natural,WP,ผง,เนื้อยาฟู ละลายดี นำเข้าจากแหล่งอิเดีย โรงงานผลิตที่มี Knowhow และมีคุณภาพดีที่สุด Top 3 ในโลก สามารถใช้สลับหรือใช้ผสมร่วมกับ ยาดูดซึม เพื่อป้องกันและลดโอกาศการดื้อยาของโรคเชื้อราได้ดี,Contact ออกฤทธิ์แบบสัมผัส,"M 03 : dithio-carbamates (M: Chemicals with multi-site activity)",ออกฤทธิ์แบบสัมผัสใช้ในเชิงป้องกันก่อนการเกิดโรค ,ป้องกันโรคเชื้อรา เช่น แอนแทรคโนส ใบไหม้ ใบจุดสนิม  ราน้ำค้าง,"ไม้ผล เช่น ทุเรียน , มะม่วง  และกลุ่มพืชผัก",ผสมน้ำฉีดพ่นบริเวณให้ทั่วบริเวณทรงพุ่ม,ใช้ป้องกันการเกิดโรคได้ทุกระยะ,300 กรัมต่อ 200 ลิตร,ปลอดภัย,สีน้ำเงิน,,,,,http://system.icpladda.com/CDN//mancozeb%2080%20WP_%E0%B8%81%E0%B9%8A%E0%B8%AD%E0%B8%9B%E0%B8%81%E0%B8%B1%E0%B8%99_19112024_135229.pdf
11,10,23,แอนดาแม็กซ์,PROPINEB 70% WP,โพรพิเน็บ,Fungicide,Natural,WP,ผง,เนื้อยาสีขาวนวล เนื้อฟู ละลายดี ให้ธาตุสังกะสี ช่วยให้พืชเขียวแข็งแรง นำเข้าจากแหล่งผลิตที่มีคุณภาพดี สามารถใช้สลับหรือใช้ผสมร่วมกับ ยาดูดซึม เพื่อป้องกันและลดโอกาศการดื้อยาของโรคเชื้อราได้ดี,Contact ออกฤทธิ์แบบสัมผัส,"M 03 : dithio-carbamates
 (M: Chemicals with multi-site activity)",ออกฤทธิ์แบบสัมผัสใช้ในเชิงป้องกันก่อนการเกิดโรค ,ป้องกันโรคเชื้อรา เช่น แอนแทรคโนส ใบไหม้ ใบจุดสนิม  ,ปลอดภัย ใช้ได้ทุกพืช,ผสมน้ำตามอัตราที่แนะนำ แล้วทำการฉีดพ่นที่ต้น ให้ทั่วบริเวณทรงพุ่ม,ใช้ป้องกันการเกิดโรคได้ทุกระยะ,300 กรัมต่อ 200 ลิตร,ปลอดภัยสูง,สีน้ำเงิน,,,,,http://system.icpladda.com/CDN//propineb%2070%20WP_%E0%B9%81%E0%B8%AD%E0%B8%99%E0%B8%94%E0%B8%B2%E0%B9%81%E0%B8%A1%E0%B9%87%E0%B8%81%E0%B8%8B%E0%B9%8C_29042024_100533.pdf
5,11,20,อัพดาว,GLYPHOSATE ISOPROPYLAMMONIUM 48% W/V SL (IPA),ไกลโฟเสต,Herbicide,Natural,SL,น้ำ,สูตร IPA แท้ ทนฝน ตายนาน ถึงรากถึงโคน,Systemic ออกฤทธิ์แบบดูดซึม ,G : Inhibition of Enolpyruvyl Shikimate Phosphate Synthase ยับยั้งเอนไซม์ที่ทำหน้าที่ในการสังเคราะห์กรดอะมิโนจำพวกอะโรมาติก,ลักษณะการตายของวัชพืชแสดงอาการเหลือง ใน 7 วัน และแห้งตายภายใน 14 วัน,วัชพืชใบแคบ วัชพืชใบกว้าง และกก,ไม้ยืนต้น เช่น ปาล์ม ยาง,ผสมน้ำฉีดพ่นที่ใบของวัชพืชให้ทั่วถึง และ ระวังไม่ให้ละอองปลิวไปโดนพืชประธานและ พืชใกล้เคียง,ก่อนปลูกพืช และหลังปลูกพืช 2-3 เดือน (หญ้ายังไม่ออกดอก หรือความสูงไม่เกิน 30 cm),800-1000 ซีซีต่อไร่,มีความเสี่ยงเป็นพิษต่อพืชประธาน การลงหัวในมันสำปะหลัง,สีน้ำเงิน,,,,,http://system.icpladda.com/CDN//glyphosate%2048%20SL_%E0%B8%AD%E0%B8%B1%E0%B8%9E%E0%B8%94%E0%B8%B2%E0%B8%A7_17042024_094927.pdf
8,12,19,กะรัต 35,CYPERMETHRIN 35% W/V EC,ไซเปอร์เมทริน,Insecticide,Natural,EC,น้ำ,ใช้สูตรผสมตัวทำละลายอย่างดี รับประกันคุณภาพในการผลิต นำเข้าจากแหล่งผลิตที่มีคุณภาพดีที่สุด Top 3 ในโลก ,Contact ออกฤทธิ์แบบสัมผัส,"3A : Pyrethroids Sodium channel modulators (Keep sodium channels open, causing hyperexcitation and, in some cases, nerve block. Sodium channels are involved in the propagation of action potentials along nerve axons.)",ออกฤทธิ์แบบสัมผัสตาย แบบ Fast Knockdown เป็นยาน็อค ออกฤทธิ์เร็ว,แมลงและหนอน กัดกินใบ ดอก และผล,ปลอดภัยใช้ได้ทุกพืช ยกเว้นห้ามใช้ในนาข้าว,ผสมน้ำฉีดพ่นบริเวณที่ใบให้ทั่วทรงพุ่ม,ใช้บวกหรือสลับเพื่อป้องกันกำจัดแมลงและหนอนได้ทุกระยะ ตั้งแต่ แตกใบอ่อนจนถึงเก็บเกี่ยว,100-200 ซีซีต่อ 200 ลิตร,ปลอดภัย,สีเหลือง,,,,,http://system.icpladda.com/CDN//cypermethrin%2035%20EC_%E0%B8%81%E0%B8%B0%E0%B8%A3%E0%B8%B1%E0%B8%95%2035_01102024_095029.pdf
19,13,17,เบนซาน่า เอฟ,CARBENDAZIM 50% W/V SC,คาร์เบ็นดาซิม,Fungicide,Natural,SC,น้ำ,สูตรครีม เข้มข้น ดูดซึมเร็ว เกษตรกรมั่นใจ,Systemic ออกฤทธิ์แบบดูดซึม ,1 : MBC-fungicides(Methyl Benzimidazole Carbamates),ออกฤทธิ์แบบดูดซึม สามารถป้องกันกำจัดโรคได้กว้างขวาง,ใช้ป้องกันกำจัดโรคเชื้อรา เช่น แอนแทรคโนส ใบไหม้  ราสนิม ,ปลอดภัย ใช้ได้ทุกพืช,ผสมน้ำตามอัตราที่แนะนำ แล้วทำการฉีดพ่นที่ต้น ให้ทั่วบริเวณทรงพุ่ม,ใช้ป้องกันการเกิดโรคได้ทุกระยะ,100-200 ซีซีต่อ 200 ลิตร,ปลอดภัยสูง,สีน้ำเงิน,,,,,http://system.icpladda.com/CDN//carbendazim%2050%20SC_%E0%B9%80%E0%B8%9A%E0%B8%99%E0%B8%8B%E0%B8%B2%E0%B8%99%E0%B9%88%E0%B8%B2%20%E0%B9%80%E0%B8%AD%E0%B8%9F_22082024_225204.pdf
22,14,16,ไดแพ๊กซ์ 80 ดับเบิ้ลยู.จี.,AMETRYN 80% WG,อามีทริน 80,Herbicide,Natural,WG,ผง,1. ประสิทธิภาพในการกำจัดวัชพืชหลากหลาย: มีประสิทธิภาพในการกำจัดวัชพืชประเภทใบแคบ เช่น หญ้าตีนกา หญ้าตีนนก และหญ้าปากควาย รวมถึงวัชพืชประเภทใบกว้าง เช่น ผักเบี้ยหิน ผักโขมและผักโขมหนาม การออกฤทธิ์แบบดูดซึม: 2. สามารถดูดซึมผ่านทั้งรากและใบของวัชพืช และเคลื่อนย้ายภายในพืชผ่านท่อน้ำไปยังปลายยอด 3. รูปแบบสารที่ใช้งานง่าย: มาในรูปแบบเม็ด (WG) ที่ละลายน้ำได้ดี ไม่ฟุ้งกระจาย และไม่อุดตันหัวฉีด ทำให้การใช้งานสะดวกและปลอดภัยยิ่งขึ้น,Systemic ออกฤทธิ์แบบดูดซึม ,C1 : Inhbition of Photosynthesis at PSII - Serine 264 Binders,กลไกการออกฤทธิ์: อะมีทรีนยับยั้งกระบวนการสังเคราะห์แสงในระบบแสงที่ 2 (PS II) โดยขัดขวางการขนส่งอิเล็กตรอน ส่งผลให้การตรึงคาร์บอนไดออกไซด์และการสร้างพลังงานที่จำเป็นต่อการเจริญเติบโตของวัชพืชลดลง ทำให้วัชพืชใบเหลืองและแห้งตาย ,วัชพืชใบแคบ วัชพืชใบกว้าง และกก,อ้อย  ,ผสมน้ำฉีดพ่นที่ใบของวัชพืชให้ทั่วถึง และ ระวังไม่ให้ละอองปลิวไปโดนพืชประธานและ พืชใกล้เคียง   ,ใช้พ่นเพื่อกำจัดวัชพืช ในระยะหลังปลูกอ้อย ประมาณ  20-30 วัน,500 กรัม ต่อไร่,"1. ไม่ควรพ่นในพื้นที่ที่ลมแรง เพราะละอองสารอาจปลิวไปยังพืชที่ไม่ต้องการกำจัด เช่น พืชใบกว้างชนิดอื่น
 2. ใช้ในอัตราที่แนะนำเพื่อป้องกันการตกค้างและผลกระทบต่ออ้อย",สีเหลือง,,,,,http://system.icpladda.com/CDN//ametryn%2080%20WG_%E0%B9%84%E0%B8%94%E0%B9%81%E0%B8%9E%E0%B9%8A%E0%B8%81%E0%B8%8B%E0%B9%8C%2080%20%E0%B8%94%E0%B8%B1%E0%B8%9A%E0%B9%80%E0%B8%9A%E0%B8%B4%E0%B9%89%E0%B8%A5%E0%B8%A2%E0%B8%B9%E0%B8%88%E0%B8%B5_17022025_162502.pdf
24,15,16,อะนิลการ์ด,ANILOFOS 30% W/V EC,อะนิโลฟอส,Herbicide,Skyrocket,EC,น้ำ,"1. การออกฤทธิ์แบบดูดซึม: สารนี้สามารถดูดซึมผ่านรากและใบของวัชพืช หลังการใช้ วัชพืชจะหยุดการเจริญเติบโต เปลี่ยนเป็นสีเขียวคล้ำ และตายในที่สุด 2. ประสิทธิภาพในการควบคุมวัชพืชหลากหลายชนิด: มีประสิทธิภาพในการควบคุมวัชพืชใบแคบ เช่น หญ้าข้าวนก หญ้าดอกขาว และหญ้านกสีชมพู รวมถึงวัชพืชใบกว้าง เช่น ผักปอดนา และวัชพืชประเภทกก เช่น หนวดปลาดุก กกขนาก และกกทราย 3. ช่วยแก้ไขปัญหาวัชพืชที่ดื้อยาต่อสารเดิมๆที่เกษตรกรที่มีการใช้ซ้ำบ่อยๆ โดยเฉพาะ ""หญ้าข้าวนก""",Systemic ออกฤทธิ์แบบดูดซึม ,K3 : Inhibition of Very Long-Chain Fatty Acid Synthesis,การออกฤทธิ์แบบดูดซึม: สารนี้สามารถดูดซึมผ่านรากและใบของวัชพืช หลังการใช้ วัชพืชจะหยุดการเจริญเติบโต เปลี่ยนเป็นสีเขียวคล้ำ และตายในที่สุด ,ประสิทธิภาพในการควบคุมวัชพืชใบแคบ เช่น หญ้าข้าวนก หญ้าดอกขาว และหญ้านกสีชมพู รวมถึงวัชพืชใบกว้าง เช่น ผักปอดนา และวัชพืชประเภทกก เช่น หนวดปลาดุก กกขนาก และกกทราย ,นาข้าว,ผสมน้ำฉีดพ่นบริเวณที่หน้าผิวดินให้ทั่วถึง และละอองจับกับต้นวัชพืชอย่างสม่ำเสมอ,สามารถใช้หลังจากวัชพืชงอก (post-emergence) ในข้าวนาหว่านน้ำตม โดยพ่นสารหลังหว่านข้าว 7-12 วัน ก่อนพ่นสารควรระบายน้ำออกจากนา และทดน้ำเข้านาหลังพ่นสาร 1-3 วัน,อัตราใช้ 50-100 ซีซีต่อไร่ ใช้ร่วมกับ ยาคุม-ฆ่า เช่น โคเบิล อัตรา 200-250 ซีซีต่อไร่ ,"1. ไม่ควรพ่นในพื้นที่ที่ลมแรง เพราะละอองสารอาจปลิวไปยังพืชที่ไม่ต้องการกำจัด
 2. ใช้ในอัตราที่แนะนำเพื่อป้องกันการตกค้างและผลกระทบต่อข้าว
 3. ห้ามพ่นจี้หรือซ้ำอาจทำให้ข้าวยุบหรือตายได้",สีเหลือง,,,,,http://system.icpladda.com/CDN//anilofos%2030%20EC_%E0%B8%AD%E0%B8%B0%E0%B8%99%E0%B8%B4%E0%B8%A5%E0%B8%81%E0%B8%B2%E0%B8%A3%E0%B9%8C%E0%B8%94_18062024_140335.pdf
18,16,14,อิมิดาโกลด์ 70,IMIDACLOPRID 70% WG,อิมิดาคลอพริด,Insecticide,Natural,WG,ผง,ออกฤทธิ์ดูดซึมได้ดี ใช้น้อย ปลอดภัย มีประสิทธิภาพสูง ใช้ในการกำจัดแมลงปากดูด ปลอดภัยต่อสัตว์เลี้ยงลูกด้วยน้ำนมสูง,Systemic ออกฤทธิ์แบบดูดซึม ,4A : Nicotinic acetylcholine receptor (nAChR) competitive modulators,ออกฤทธิ์แบบดูดซึม ทำลายที่ระบบประสาทของแมลง ทำให้แมลงเป็นอัมพาตและตายในที่สุด ,นาข้าว : เพลี้ยไฟ เพลี้ยกระโดดสีน้ำตาล     ไม้ผล : เพลี้ยไฟ เพลี้ยแป้ง เพลี้ยไก่แจ้ เพลี้ยจักจั่น,ปลอดภัยใช้ได้ทุกพืช,ผสมน้ำตามอัตราที่แนะนำ แล้วทำการฉีดพ่นที่ต้น ให้ทั่วบริเวณทรงพุ่ม,ป้องกันแมลงประเภท ปากดูด ได้ใน ทุกระยะ เช่น ระยะแตกใบอ่อน ระยะดอก ระยะติดผล,50-100 กรัม ต่อน้ำ 200 ลิตร,ปลอดภัยสูง,สีเหลือง,,,,,http://system.icpladda.com/CDN//imidacloprid%2070%20WG_%E0%B8%AD%E0%B8%B4%E0%B8%A1%E0%B8%B4%E0%B8%94%E0%B8%B2%E0%B9%82%E0%B8%81%E0%B8%A5%E0%B8%94%E0%B9%8C%2070_13112024_111502.pdf
13,17,14,ไฮซีส,EMAMECTIN BENZOATE 2.0% W/V ME,อีมาเม็กติน 2.0 ME,Insecticide,Skyrocket,ME,น้ำ,1.เป็นสูตร ME ที่มีฤทธิ์แทรกซึมไว มีฤทธิ์อยู่ในพืชหลักได้นาน ถูกตัวตายกินตาย  2.ทุเรียน : ได้ทั้งหนอนและเพลี้ยไฟ มีระยะการควบคุมได้นานประมาณ 15-20 วัน  3.กลิ่นไม่ฉุนมาก เมื่อเทียบกับยาหนอนแบรนด์อื่น  5.ฉีดพ่นช่วงดอกได้โดยไม่เกิดการ Toxic ไม่ทำให้ดอกไหม้ และไม่มีผลต่อการผสมเกสรของดอกทุเรียน   6. เนื้อยาละลายกับน้ำเป็นสีเดียวกับน้ำ ไม่เกิดตะกอน,Translaminar ออกฤทธิ์แบบแทรกซึม ,6 : Glutamate-gated chloride channel (GluCl) allosteric modulators,ออกฤทธิ์ทั้งแบบสัมผัสตาย และกินตาย ออกฤทธิ์ได้อย่างรวดเร็ว,นาข้าว : ใช้ป้องกันกำจัด ตระกูลหนอนในนาข้าว เช่น หนอนม้วนใบข้าว หนอนกอ หนอนปลอก หนอนกระทู้คอรวง    ข้าวโพด : ใช้ป้องกันกำจัดหนอนกระทู้ข้าวโพดลายจุด   ไม้ผล : ใช้กำจัด หนอนตระกูลต่างๆ เช่น หนอนคืบ หนอนกัดใบ หนอนเจาะดอก หนอนเจาะผล,ปลอดภัยใช้ได้ทุกพืช,ผสมน้ำตามอัตราที่แนะนำ แล้วทำการฉีดพ่นที่ต้น ให้ทั่วบริเวณทรงพุ่ม,ป้องกันหนอนและแมลงได้ใน ทุกระยะ เช่น ระยะแตกใบอ่อน ระยะดอก ระยะติดผล,100-200 ซีซี ต่อน้ำ 200 ลิตร,ปลอดภัย,สีน้ำเงิน,,,,,http://system.icpladda.com/CDN//emamectin%202.0%20ME_%E0%B9%84%E0%B8%AE%E0%B8%8B%E0%B8%B5%E0%B8%AA_07012021_082728.pdf
31,18,,ชุด กล่องม่วง (แอสไปร์ + ไฮซีส ),LUFENURON 5% W/V EC+EMAMECTIN BENZOATE 2.0% W/V ME,,,,,,,,,,,,,,,,,,,,,http://system.icpladda.com/CDN//emamectin%202.0%20ME_%E0%B9%84%E0%B8%AE%E0%B8%8B%E0%B8%B5%E0%B8%AA_07012021_082728.pdf
,,14,,,ลูเฟนูรอน + อีมาเม็กติน 2.0 ME,Insecticide,Skyrocket,EC + ME,น้ำ,1.ไฮซีส เป็นสูตร ME ที่มีฤทธิ์แทรกซึมไว มีฤทธิ์อยู่ในพืชหลักได้นาน ถูกตัวตายกินตาย  2. แอสไปร์ มีคุณสมบัติในการคุมไข่ของแมลง ทำให้ลดการระบาดได้รวดเร็ว ควบคุมได้นาน และลดโอกาศการดื้อยาของแมลงได้ดี  ในทุเรียน : ใช้กำจัดได้ทั้งเพลี้ยไฟและหนอน มีระยะการควบคุมได้นานประมาณ 15-20 วัน สามารถ.ฉีดพ่นช่วงดอกได้โดยไม่เกิดการ Toxic ไม่ทำให้ดอกไหม้ และไม่มีผลต่อกระทบต่อการติดผลของทุเรียน ในนาข้าวใช้ป้องกันและกำจัดสามารถกำจัดหนอนกอข้าว หนอนม้วนใบข้าว และหนอนกระทู้คอรวงได้ดี ส่วนในข้าวโพดใช้ป้องกันและกำจัดหนอนกระทู้ลายจุดข้าวโพดได้ดี,Systemic ออกฤทธิ์แบบดูดซึม + Translaminar ออกฤทธิ์แบบแทรกซึม ,15 : Inhibitors of chitin biosynthesis affecting CHS1 + 6 : Glutamate-gated chloride channel (GluCl) allosteric modulators,ออกฤทธิ์ 2 ทางทั้งแบบสัมผัสและดูดซึม ทำลายที่ระบบประสาทของแมลง และรบกวนการสังเคราะห์ไคติน ,นาข้าว : ใช้ป้องกันกำจัด ตระกูลหนอนในนาข้าว เช่น หนอนม้วนใบข้าว หนอนกอ หนอนปลอก หนอนกระทู้คอรวง    ข้าวโพด : ใช้ป้องกันกำจัดหนอนกระทู้ข้าวโพดลายจุด   ไม้ผล : ใช้กำจัด หนอนตระกูลต่างๆ เช่น หนอนคืบ หนอนกัดใบ หนอนเจาะดอก หนอนเจาะผล,ปลอดภัยใช้ได้ทุกพืช,ผสมน้ำตามอัตราที่แนะนำ แล้วทำการฉีดพ่นที่ต้น ให้ทั่วบริเวณทรงพุ่ม,ป้องกันหนอนและแมลงได้ใน ทุกระยะ เช่น ระยะแตกใบอ่อน ระยะดอก ระยะติดผล ในนาข้าวใช้พ่นที่ระยะข้าวแตกกอจนถึงระยะก่อนเก็บเกี่ยว ส่วนในข้าวโพดแนะนำพ่นเมื่อข้าวโพดอายุ 15 และ 30 วันหลังปลูก,ใช้ผสมร่วมกันอย่างละ 100+100 ซีซี ต่อน้ำ 200 ลิตร ในนาข้าวและข้าวโพดแนะนำใช้อัตรา 62.5+62.5 ซีซีต่อไร่ หรือ 1 ชุดพ่นได้ 8 ไร่,ปลอดภัย,สีน้ำเงิน,,,,,http://system.icpladda.com/CDN//lufenuron%205%20EC_%E0%B9%81%E0%B8%AD%E0%B8%AA%E0%B9%84%E0%B8%9B%E0%B8%A3%E0%B9%8C_26112020_111102.pdf
32,19,13,แกนเตอร์,PROPANIL 36% + ANILOFOS 18% W/V EC,อะนิโลฟอส + โพรพานิล,Herbicide,Skyrocket,EC,น้ำ,"1. การออกฤทธิ์แบบดูดซึม: สารนี้สามารถดูดซึมผ่านรากและใบของวัชพืช หลังการใช้ วัชพืชจะหยุดการเจริญเติบโต เปลี่ยนเป็นสีเขียวคล้ำ และตายในที่สุด 2. ประสิทธิภาพในการควบคุมวัชพืชหลากหลายชนิด: มีประสิทธิภาพในการควบคุมวัชพืชใบแคบ เช่น หญ้าข้าวนก หญ้าดอกขาว และหญ้านกสีชมพู รวมถึงวัชพืชใบกว้าง เช่น ผักปอดนา และวัชพืชประเภทกก เช่น หนวดปลาดุก กกขนาก และกกทราย 3. ช่วยแก้ไขปัญหาวัชพืชที่ดื้อยาต่อสารเดิมๆที่เกษตรกรที่มีการใช้ซ้ำบ่อยๆ โดยเฉพาะ ""หญ้าข้าวนก""",Systemic ออกฤทธิ์แบบดูดซึม ,"ANILOFOS K3 : Inhibition of Very Long-Chain Fatty Acid Synthesis + PROPANIl จัดอยู่ในกลุ่ม C2 (HRAC Group C2)
เป็นสารที่ยับยั้งการสังเคราะห์แสงในระบบแสงที่ 2 (PSII inhibitors) โดยรบกวนการขนส่งอิเล็กตรอนในกระบวนการสังเคราะห์แสง ส่งผลให้การสร้างพลังงานของวัชพืชหยุดชะงักและตายในที่สุด","ANILOFOS   มีการออกฤทธิ์แบบดูดซึม: สารนี้สามารถดูดซึมผ่านรากและใบของวัชพืช ซึ่งออกฤทธิ์ยับยั้งเอนไซม์ที่เกี่ยวข้องกับการสร้างกรดไขมันสายยาว (Long-chain fatty acid synthesis inhibitors)หลังการใช้ วัชพืชจะหยุดการเจริญเติบโต เปลี่ยนเป็นสีเขียวคล้ำ และตายในที่สุด  PROPANIl จัดอยู่ในกลุ่ม C2 (HRAC Group C2)
เป็นสารที่ยับยั้งการสังเคราะห์แสงในระบบแสงที่ 2 (PSII inhibitors) โดยรบกวนการขนส่งอิเล็กตรอนในกระบวนการสังเคราะห์แสง ส่งผลให้การสร้างพลังงานของวัชพืชหยุดชะงักและตายในที่สุด",ประสิทธิภาพในการควบคุมวัชพืชใบแคบ  เช่น หญ้าข้าวนก หญ้าดอกขาว และหญ้านกสีชมพู รวมถึงวัชพืชใบกว้าง เช่น ผักปอดนา และวัชพืชประเภทกก เช่น หนวดปลาดุก กกขนาก และกกทราย ,นาข้าว,ผสมน้ำฉีดพ่นบริเวณที่หน้าผิวดินให้ทั่วถึง และละอองจับกับต้นวัชพืชอย่างสม่ำเสมอ,สามารถใช้หลังจากวัชพืชงอก (post-emergence) ในข้าวนาหว่านน้ำตม โดยพ่นสารหลังหว่านข้าว 8-14 วัน ก่อนพ่นสารควรระบายน้ำออกจากนา และทดน้ำเข้านาหลังพ่นสาร 1-3 วัน,200-250 ซีซีต่อไร่,"1. ไม่ควรพ่นในพื้นที่ที่ลมแรง เพราะละอองสารอาจปลิวไปยังพืชที่ไม่ต้องการกำจัด 
 2. ใช้ในอัตราที่แนะนำเพื่อป้องกันการตกค้างและผลกระทบต่อข้าว
 3. ห้ามพ่นจี้หรือซ้ำอาจทำให้ข้าวยุบหรือตายได้",สีเหลือง,,,,,http://system.icpladda.com/CDN//propanil_anilofos_%E0%B9%81%E0%B8%81%E0%B8%99%E0%B9%80%E0%B8%95%E0%B8%AD%E0%B8%A3%E0%B9%8C_15072025_162840.pdf
10,20,12,โฮป,FIPRONIL 0.3% GR,ฟิโพรนิล 0.3 GR,Insecticide,Skyrocket,GR,ทราย,1. เม็ดสีม่วงเข้มสด ขนาดของเม็ดสม่ำเสมอ ไม่มีสิ่งเจือปน ไม่มีกลิ่น  2.หว่านง่าย ไม่ติดมือ และเครื่องฉีดพ่น ไม่มีกลิ่นและไม่มีฝุ่นผงรบกวนการใช้ของเกษตรกร  3.ไม่มีความชื้น ด้วยกระบวนการผลิตที่มีคุณภาพของทางโรงงาน และเรายังรับประกันถ้าเกิดความชื้นที่เกิดจากเนื้อยาภายใน 2 ปี  ,Systemic ออกฤทธิ์แบบดูดซึม ,"2B : Phenylpyrazoles (Fiproles) (GABA-gated chloride channel blockers) Block the GABA-activated chloride channel, causing hyperexcitation and convulsions. GABA is the major inhibitory neurotransmitter in insects.",สามารถดูดซึมผ่านทางราก ไปทางท่อน้ำ Xylem ทำให้ออกฤทธิ์ในการป้องกันแมลงที่เข้ามาทำลายบริเวณโคนต้น และจับกับเนื้อดินได้นาน เมื่อแมลงเจาะเข้ามาบริเวณทรงพุ่มสัมผัสกับตัวยาออกฤทธิ์อยู่ ทำให้แมลงตายจึงสามารถป้องกันแมลงที่จะเข้ามาทำลายใต้ดินได้,"นาข้าว: เพลี้ยไฟ หนอนกอ หนอนม้วนใบ เพลี้ยกระโดดสีน้ำตาล บั่ว
    อ้อย: หนอนกออ้อย เพลี้ยจักจั่น ด้วงหนวดยาว ปลวก
    ผัก: ด้วงหมัดผัก
    ไม้ผล: แมลงปีกแข็ง ด้วงต่างๆ หนอนเจาะลำต้น
","นาข้าว พืชไร่ (อ้อย,ข้าวโพด) พืชผัก และไม้ผล",ใช้หว่าน ให้ทั่วพื้นที่ หรือ ใส่รองก้นหลุม ตามอัตราที่แนะนำ,"นาข้าว ใช้หว่านในระยะข้าวอายุ 20 วันหรือพร้อมการหว่านปุ๋ยครั้งแรก เพื่อป้องกัน หนอนกอ เพลี้ยกระโดดสีน้ำตาล และบั่ว
   
 อ้อย: ระยะก่อนปลูกพืชประธาน ใช้รองก้นหลุมหรือ โรยในร่องปลูกบริเวณใกล้ๆกับราก เพื่อป้องกัน หนอนกออ้อย ด้วงหนวดยาว ปลวก
 
    ไม้ผล(ทุเรียน): ระยะก่อนปลูกพืชประธาน ใช้รองก้นหลุม หรือโรยบริเวณใกล้ๆโคนต้น เพื่อป้องกัน  แมลงในดิน กัดกินราก ทำลายโคนต้น เช่น ปลวก มอด  หนอนเจาะลำต้น","นาข้าวใช้ 3-5 กก. ต่อไร่ 
 
 พืชไร่ใช้ 3-5 กก. ต่อไร่ 
 
 ไม้ผล(ทุเรียน) ใช้ 100 กรัมต่อต้น ",ปลอดภัยสูง,สีน้ำเงิน,,,,,http://system.icpladda.com/CDN//fipronil%200.3%20GR_%E0%B9%82%E0%B8%AE%E0%B8%9B_28062022_105809.pdf
21,21,12,เกรค 5 เอสซี,FIPRONIL 5% W/V SC,ฟิโพรนิล 5 SC,Insecticide,Natural,SC,น้ำ,สููตรครีม ยาเย็น ปลอดภัย ใช้สะดวก สามารถกำจัดแมลงได้หลากหลายชนิด,Systemic ออกฤทธิ์แบบดูดซึม ,"2B : Phenylpyrazoles (Fiproles) (GABA-gated chloride channel blockers) Block the GABA-activated chloride channel, causing hyperexcitation and convulsions. GABA is the major inhibitory neurotransmitter in insects.",ออกฤทธิ์แบบดูดซึม ทำลายระบบประสาทของแมลงที่จุดรับ GABA ,"นาข้าว: เพลี้ยไฟ หนอนกอ หนอนม้วนใบ เพลี้ยกระโดดสีน้ำตาล บั่ว
    อ้อย: หนอนกออ้อย เพลี้ยจักจั่น ด้วงหนวดยาว ปลวก
    ผัก: ด้วงหมัดผัก
    ไม้ผล: เพลี้ยไฟ แมลงปีกแข็ง ด้วงต่างๆ หนอนต่างๆ
    ข้าวโพด: หนอนกระทู้ในข้าวโพด",ปลอดภัยใช้ได้ทุกพืช,ผสมน้ำตามอัตราที่แนะนำ แล้วทำการฉีดพ่นที่ต้น ให้ทั่วบริเวณทรงพุ่ม,ป้องกันหนอนและแมลงได้ใน ทุกระยะ เช่น ระยะแตกใบอ่อน ระยะดอก ระยะติดผล,100-200 ซีซี ต่อน้ำ 200 ลิตร,ปลอดภัยสูง,สีน้ำเงิน,,,,,http://system.icpladda.com/CDN//fipronil%205%20SC_%E0%B9%80%E0%B8%81%E0%B8%A3%E0%B8%84%205%20%E0%B9%80%E0%B8%AD%E0%B8%AA%E0%B8%8B%E0%B8%B5_22082024_224316.pdf
23,22,12,โคเบิล ,CLOMAZONE 12%+PROPANIL 27%  W/V EC,โครมาโซน + โพรพานิล,Herbicide,Natural,EC,น้ำ,1. การมีสาร 2 กลุ่มออกฤทธิ์ร่วมกัน: ทำให้ช่วยเพิ่มประสิทธิภาพในการกำจัดวัชพืชได้ดีขึ้น 2. ประสิทธิภาพสูงในการกำจัดวัชพืชหลากหลายชนิด 3. ความปลอดภัยต่อพืชปลูก: สารนี้มีความปลอดภัยต่อข้าวปลูก เนื่องจากมีฤทธิ์เลือกทำลายเฉพาะวัชพืช โดยหล่อน้ำท่วมข้าวได้ ข้าวไม่ตาย,Systemic ออกฤทธิ์แบบดูดซึม ,"CLOMAZONE จัดอยู่ในกลุ่ม F3 (HRAC Group F3) เป็นสารที่ยับยั้งการสังเคราะห์เม็ดสี (carotenoid biosynthesis inhibitor) โดยขัดขวางเอนไซม์ DOXP reductoisomerase (1-deoxy-D-xylulose 5-phosphate reductoisomerase) ทำให้วัชพืชขาดเม็ดสีที่จำเป็นและใบซีดขาวก่อนตาย  และ PROPANIl จัดอยู่ในกลุ่ม C2 (HRAC Group C2)
เป็นสารที่ยับยั้งการสังเคราะห์แสงในระบบแสงที่ 2 (PSII inhibitors) โดยรบกวนการขนส่งอิเล็กตรอนในกระบวนการสังเคราะห์แสง ส่งผลให้การสร้างพลังงานของวัชพืชหยุดชะงักและตายในที่สุด",โคลมาโซนเป็นสารคุมวัชพืชที่ยับยั้งการสร้างเม็ดสีของวัชพืช โดยขัดขวางการสังเคราะห์ DOXP ที่เกี่ยวข้องกับการสังเคราะห์ด้วยแสง ส่วนโพรพานิลเป็นสารฆ่าวัชพืชที่ยับยั้งการสังเคราะห์ด้วยแสงในระบบแสงที่ 2 (PS II) โดยขัดขวางการขนส่งอิเล็กตรอน,สามารถกำจัดวัชพืชประเภทใบแคบ เช่น หญ้าข้าวนก หญ้าดอกขาว และหญ้านกสีชมพู รวมถึงวัชพืชประเภทใบกว้าง เช่น ผักปอดนา และเทียนนา และวัชพืชประเภทกก เช่น หนวดปลาดุก กกทราย และกกขนาก,นาข้าว,ผสมน้ำฉีดพ่นบริเวณที่หน้าผิวดินให้ทั่วถึง และละอองจับกับต้นวัชพืชอย่างสม่ำเสมอ,สามารถใช้หลังจากวัชพืชงอก (post-emergence) ในข้าวนาหว่านน้ำตม โดยพ่นสารหลังหว่านข้าว 7-12 วัน ก่อนพ่นสารควรระบายน้ำออกจากนา และทดน้ำเข้านาหลังพ่นสาร 1-3 วัน,200-250 ซีซีต่อไร่,"1. ไม่ควรพ่นในพื้นที่ที่ลมแรง เพราะละอองสารอาจปลิวไปยังพืชที่ไม่ต้องการกำจัด เช่น พืชใบกว้างชนิดอื่น
 2. ใช้ในอัตราที่แนะนำเพื่อป้องกันการตกค้างและผลกระทบต่อข้าว
 ",สีเหลือง,,,,,http://system.icpladda.com/CDN//clomazone_propanil_%E0%B9%82%E0%B8%84%E0%B9%80%E0%B8%9A%E0%B8%B4%E0%B8%A5_25032025_115127.pdf
29,23,11,คาริสมา,PROPAMOCARB HYDROCHLORIDE 72.2% W/V SL,โพรพาโมคาร์บ ไฮโดรคลอไรด์,Fungicide,Skyrocket,SL,น้ำ,ใช้ในการป้องกันกำจัดโรค รากเน่าโคนเน่า จากเชื้อราสาเหตุ Phytophthora plamivola สูตรSL น้ำใส ปลอดภัย ออกฤทธิไว ต้นฟื้นได้เร็ว ใช้ได้ทั้งพ่นทางใบหรือทางดิน ,Systemic ออกฤทธิ์แบบดูดซึม ,"28 : Carbamates : F4 cell membrane permeability, fatty acids (proposed)
",ออกฤทธิ์แบบดูดซึม สามารถใช้ป้องกันกำจัดโรคได้ทั้งทางใบ และทางดิน,โรครากเน่าโคนเน่า ที่เกิดจากเชื้อราชั้นต่ำที่อยู่ในดิน เช่น  Phytophthora plamivola หรือ Pythium spp.,พืชไร่ เช่น มันฝรั่ง  ไม้ผล เช่น ทุเรียน   และกลุ่มพืชผัก,ผสมน้ำตามอัตราที่แนะนำ แล้วทำการฉีดพ่นที่ใบและต้นให้ทั่วถึง   หรือฉีดพ่นผิวดินที่บริเวณใต้ทรงพุ่ม,ใช้ป้องกันการเกิดโรคได้ทุกระยะ,300 ซีซีต่อ 200 ลิตร,ปลอดภัยสูง,สีน้ำเงิน,,,,,http://system.icpladda.com/CDN//propamocarb%2072.2%20SL_%E0%B8%84%E0%B8%B2%E0%B8%A3%E0%B8%B4%E0%B8%AA%E0%B8%A1%E0%B8%B2_17012021_142656.pdf
-,24,10,อาร์เทมีส,DIFENOCONAZOLE + AZOXYSTROBIN 12.5%+20% W/V SC,ไดฟีโนโคนาโซล + อะซ๊อคซีสโตรบิน,Fungicide,Skyrocket,SC,น้ำ,ออกฤทธิ์ 2 กลุ่ม ,Systemic ออกฤทธิ์แบบดูดซึม ,"3 : imidazoles (G: sterol biosynthesis in membranes)
+ 11 :Strobilurin ยับยั้งการหายใจของเชื้อราในไมโตคอนเดรีย สารในกลุ่มนี้จะจับกับ Complex III (Cytochrome bc1 complex) ที่ตำแหน่ง Qo (Quinone outside site) ของไมโตคอนเดรียในเซลล์เชื้อรา การจับนี้จะ ยับยั้งการถ่ายโอนอิเล็กตรอน ในกระบวนการสร้างพลังงาน (oxidative phosphorylation) ทำให้ การสร้าง ATP ถูกหยุดลง ส่งผลให้เชื้อราไม่สามารถเจริญเติบโตและตายในที่สุด",ออกฤทธิ์แบบดูดซึม สามารถป้องกันกำจัดโรคได้กว้างขวาง,โรคใบจุดสีน้ำตาล โรคใบขีดสีน้ำตาล โรคเมล็ดด่าง ในนาข้าว,นาข้าว            ไม้ผล,ผสมน้ำตามอัตราที่แนะนำ แล้วทำการฉีดพ่นที่ต้น ให้ทั่วบริเวณทรงพุ่ม,,ในไม้ผล(ทุเรียน) ใช้ 200 ซีซีต่อ 200 ลิตร ในนาข้าว ใช้ 50 ซีซีต่อไร่,ปลอดภัยสูง,สีเหลือง,,,,,http://system.icpladda.com/CDN//difeno_azoxystrobin_%E0%B8%AD%E0%B8%B2%E0%B8%A3%E0%B9%8C%E0%B9%80%E0%B8%97%E0%B8%A1%E0%B8%B4%E0%B8%AA_07042025_213519.pdf
15,25,10,เลกาซี 20 + พานาส,BISPYRIBAC-SODIUM 20% WP,บิสไพรีแบค โซเดียม 20 + สารจับใบเสริมประสิทธิภาพ,Herbicide,Expand,WP,ผง,1. มีความปลอดภัยต่อข้าว สามารถฉีดจี้ ฉีดซ้ำได้  จะไปยับยั้งการสารกรดอะมิโน อาการตายของหญ้าคือ จะเริ่มเหลืองและตายย่อยไปในที่สุด จึงทำให้ข้าวนั้นยังเขียวตลอด  2. มี Panas ซึ่งเป็นสารเพิ่มประสิทธิภาพช่วยให้Bispyribac  ถูกดูดซึมได้ไว และลดการชะล้างของฝน  3. เนื้อสารเป็นผงละเอียดสีขาว ละลายน้ำได้ดี มีฟองเยอะ ไม่มีตะกอน,Systemic ออกฤทธิ์แบบดูดซึม ,B Pyrimidinyl benzoates: Inhibition of Acetolactate Synthase,ออกฤทธื์ยับยั้งการสังเคราะกรดอะมิโนในวัชพืช อาการตายของหญ้าคือ จะเริ่มเหลืองและตายย่อยไปในที่สุด จึงทำให้ข้าวนั้นยังเขียวตลอด ,ในนาข้าว : วัชพืชใบแคบ เช่น หญ้าข้าวนก หญ้าแดง(กระดูกไก่) วัชพืชใบกว้าง และกก,นาข้าว,ผสมน้ำฉีดพ่นที่ใบของวัชพืชให้ทั่วถึง ,ใช้ร่วมกับยาคุม เช่น Butachlor + propanil ในระยะคุม-ฆ่า (7-10 วัน) หรือใช้ฉีดเก็บวัชพืช ในระยะ ข้าวอายุ 10-15 วัน ,20-40 กรัม ต่อไร่,ปลอดภัย ไม่มีความเป็นพิษต่อข้าว,สีน้ำเงิน,,,,,http://system.icpladda.com/CDN//bispyribac%2020%20WP_%E0%B9%80%E0%B8%A5%E0%B8%81%E0%B8%B2%E0%B8%8B%E0%B8%B5%20%2020_05022024_102325.pdf
25,26,10,แจ๊ส 50 อีซี,FENOBUCARB 50% EC,ฟีโนบูคาร์บ 50 EC,Insecticide,Natural,EC,น้ำ,ออกฤทธิ์แบบสัมผัสตาย แบบ Fast Knockdown เป็นยาน็อค ออกฤทธิ์เร็ว,Contact ออกฤทธิ์แบบสัมผัส,1A : Acetylcholinesterase (AChE) inhibitors,ออกฤทธิ์แบบสัมผัสตาย แบบ Fast Knockdown เป็นยาน็อค ออกฤทธิ์เร็ว,ใช้ป้องกันกำจัด  เพลี้ยกระโดดสีน้ำตาล เพลี้ยกระโดดหลังขาว เพลี้ยจักจั่นเขียว ,ปลอดภัยใช้ได้ทุกพืช,ผสมน้ำตามอัตราที่แนะนำ แล้วทำการฉีดพ่นที่ต้น ให้ทั่วบริเวณทรงพุ่ม,นาข้าว : ใช้กำจัดเพลี้ยกระโดดสีน้ำตาล ในระยะข้าวอายุ 20 วัน              ไม้ผล : ป้องกันแมลงได้ใน ทุกระยะ เช่น ระยะแตกใบอ่อน ระยะดอก ระยะติดผล,100-200 ซีซี ต่อน้ำ 200 ลิตร,ปลอดภัย,สีเหลือง,,,,,http://system.icpladda.com/CDN//fenobucarb%2050%20EC_%E0%B9%81%E0%B8%88%E0%B9%8A%E0%B8%AA%2050%20%E0%B8%AD%E0%B8%B5%E0%B8%8B%E0%B8%B5_16092024_094145.pdf
-,26,9,,BROMADIOLONE 0.005% W/W (LIVE STOCK),,,,,,,,,,,,,,,,สีน้ำเงิน,,,,,
26,27,9,ซีเอ็มจี,ABAMECTIN 1.8% W/V EC (BROWN),อะบาเมกติน,Insecticide,Natural,EC,น้ำ,เป็นยาพื้นฐานที่สามารถกำจัดแมลงได้ดีหลากหลายชนิด,Translaminar ออกฤทธิ์แบบแทรกซึม ,6 : Glutamate-gated chloride channel (GluCl) allosteric modulators,ออกฤทธิ์ทั้งแบบสัมผัสตาย กินตาย  ออกฤทธิ์กำจัดแมลงที่ระบบประสาทและกล้ามเนื้อของแมลง,เพลี้ยไฟ หนอน แมลงปากกัด แมลงปากดูดต่างๆ,ปลอดภัยใช้ได้ทุกพืช ยกเว้นห้ามใช้ในนาข้าว,ผสมน้ำตามอัตราที่แนะนำ แล้วทำการฉีดพ่นที่ต้น ให้ทั่วบริเวณทรงพุ่ม,ป้องกันหนอนและแมลงได้ใน ทุกระยะ เช่น ระยะแตกใบอ่อน ระยะดอก ระยะติดผล,100-200 ซีซี ต่อน้ำ 200 ลิตร,ปลอดภัย,สีเหลือง,,,,,http://system.icpladda.com/CDN//abamectin%201.8%20EC_%E0%B8%8B%E0%B8%B5%E0%B9%80%E0%B8%AD%E0%B9%87%E0%B8%A1%E0%B8%88%E0%B8%B5_18062024_140732.pdf
16,28,9,ซิมเมอร์,"2,4-D-DIMETHYLAMMONIUM 84% W/V SL","2,4-ดี ไดเมททิลแอมโมเนียม",Herbicide,Natural,SL,น้ำ,สูตรน้ำใช้ง่าย ปลอดภัยกว่าสูตรผง กำจัดวัชพืชใบกว้างและกก ในนาข้าว ประสิทธิภาพดี ประหยัดต้นทุนของเกษตรกร ,Systemic ออกฤทธิ์แบบดูดซึม , O : Auxin Mimics," 2,4-D ทำงานโดยเลียนแบบฮอร์โมนพืชธรรมชาติที่เรียกว่า ออกซิน (Auxin) ซึ่งเป็นฮอร์โมนที่ควบคุมการเจริญเติบโตของพืช
 • สารนี้กระตุ้นการเจริญเติบโตในอัตราที่ผิดปกติในวัชพืช ทำให้เซลล์เติบโตเกินปกติจนเสียสมดุล ส่งผลให้เซลล์แตกและเนื้อเยื่อพังทลาย
 • กระบวนการนี้ทำให้พืชแสดงอาการเหี่ยวเฉา ใบม้วน และตายในที่สุด",วัชพืชใบกว้าง และกก ,พืชไร่ เช่น อ้อย ข้วโพด   และ นาข้าว,ผสมน้ำฉีดพ่นที่ใบของวัชพืชให้ทั่วถึง และ ระวังไม่ให้ละอองปลิวไปโดนพืชประธานและ พืชใกล้เคียง,"• ควรพ่นสาร หลังวัชพืชงอก และมีใบ 3-5 ใบ หรือวัชพืชมีอายุ 10-20 วัน
 • ในข้าวนาหว่านน้ำตม ควรพ่นสารหลังข้าวงอกประมาณ 20-25 วัน
 • ควรมีน้ำขังในแปลงนาประมาณ 3-5 ซม. เพื่อช่วยลดการกระจายของสารเคมีลงดิน",ใช้ในอัตรา 200-400 ซีซี/ไร่ ผสมกับน้ำประมาณ 60-80 ลิตร แล้วพ่นให้ทั่วพื้นที่,"1. ไม่ควรพ่นในพื้นที่ที่ลมแรง เพราะละอองสารอาจปลิวไปยังพืชที่ไม่ต้องการกำจัด เช่น พืชใบกว้างชนิดอื่น
 2. ใช้ในอัตราที่แนะนำเพื่อป้องกันการตกค้างและผลกระทบต่อข้าว
 3. หลีกเลี่ยงการใช้ในระยะที่ข้าวอ่อนเกินไป (ข้าวอายุ < 15 วัน) เพราะอาจเกิดความเสียหายกับต้นข้าว",สีน้ำเงิน,,,,,"http://system.icpladda.com/CDN//2,4-D%20dimethyl_%E0%B8%8B%E0%B8%B4%E0%B8%A1%E0%B9%80%E0%B8%A1%E0%B8%AD%E0%B8%A3%E0%B9%8C_31012024_105947.pdf"
30,29,8,ไซม๊อกซิเมท ,CYMOXANIL + MANCOZEB 8% + 64% WP,ไซม๊อคซานิล + แมนโคเซ็บ,Fungicide,Skyrocket,WP,ผง,ออกฤทธิ์ 2 ทาง ทั้งสัมผัสและดูดซึม ใช้ในการป้องกันกำจัดโรค จากเชื้อราสาเหตุ Phytophthora  ใช้ได้ทั้งพ่นทางใบหรือ ใช้พ่นหรือทาปิดแผลบริเวณที่ถากทาจุดที่เกิดโรค ,Contact ออกฤทธิ์แบบสัมผัส + Systemic ออกฤทธิ์แบบดูดซึม ,27 : Unknown mode of action + M 03 : dithio-carbamates (M: Chemicals with multi-site activity),ออกฤทธิ์ 2 ทาง ทั้งสัมผัสและดูดซึม ใช้ในการป้องกันกำจัดโรค,ป้องกันโรคเชื้อรา เช่น แอนแทรคโนส ใบไหม้ ใบจุดสนิม  ราน้ำค้าง  และ โรค ไฟทอปธอร่า ในทุเรียน ที่ระยะใบ  และผล,พืชไร่ เช่น มันฝรั่ง  ไม้ผล เช่น ทุเรียน   และกลุ่มพืชผัก,ผสมน้ำตามอัตราที่แนะนำ แล้วทำการฉีดพ่นที่ต้น ให้ทั่วบริเวณทรงพุ่ม,ใช้ป้องกันการเกิดโรคได้ทุกระยะ,200 กรัมต่อ 200 ลิตร,ปลอดภัย,สีน้ำเงิน,,,,,http://system.icpladda.com/CDN//cymoxanil_mancozeb_%E0%B9%84%E0%B8%8B%E0%B8%A1%E0%B9%8A%E0%B8%AD%E0%B8%81%E0%B8%8B%E0%B8%B4%E0%B9%80%E0%B8%A1%E0%B8%97_29042025_112800.pdf
34,30,8,พรีดิคท์ 15,PACLOBUTRAZOL 15% WP,แพคโคบิวทราโซล,PGR,Expand,WP,ผง,1. เป็นแบรนด์ที่เกษตรกรรู้จักมายาวนานมากกว่า 30 ปี 2. เกษตรกรมั่นใจในคุณภาพของสินค้า  3. สินค้าพรีดิคท์ นำ Tech นำเข้ามาผลิตเอง ด้วยสูตรแบบฉบับ ICPL และ FG ทางโรงงานก็นำมาปั่น ให้เนื้อยาผง เบาฟู มีขนาดของอนุภาคที่เล็ก 45 ไมครอน สามารถควบคุมเรื่อง % ของยาได้ตลอด  4. เนื้อยาละเอียด ผงเบาฟู ละลายน้ำง่าย ไม่ตกตะกอนง่าย เวลาราดสารไม่เหลือตตะกอน และคราบสีขาวให้เห็น,Systemic ออกฤทธิ์แบบดูดซึม ,PGR (Plants Growth Regulator) ช่วยยับยั้งการทำงานของ Gib ลดการแตกใบอ่อน ช่วยเพิ่มปริมาณการออกดอก,ใช้ควบคุมการเจริญเติบโตของพืช สามารถดูดซึมผ่านทางรากและทางใบ ราดทางดินจะดูดซึมได้ดีและเร็วกว่า เพิ่มความเขียวของใบ สะสมแป้ง และน้ำตาล เร่งใบให้แก่ พัฒนาตาดอก,ยับยั้งการแตกใบอ่อน,"ทุเรียน , มะม่วง",ผสมน้ำฉีดพ่นบริเวณที่ใบให้ทั่วทรงพุ่ม,ทุเรียน : ใช้พ่นที่ใบ ในระยะใบเพสลาด,ทุเรียน : ใช้อัตรา 1-1..5 กิโลกรัม.ผสมน้ำ 200 ลิตร ฉ๊ดพ่นในพื้นที่ 1 ไร่                                             มะม่วง 6-7 กรัม ต่อเส้นผ่าศูนย์กลางทรงพุ่ม 1 เมตร,ปลอดภัย,สีเหลือง,293-2564,,,,http://system.icpladda.com/CDN//paclobutrazol%2015%20WP_%E0%B8%9E%E0%B8%A3%E0%B8%B5%E0%B8%94%E0%B8%B4%E0%B8%84%E0%B8%97%E0%B9%8C%2015_11022021_102436.pdf
,,,,,,,,,,,,,,,,,,,,สีน้ำเงิน,,,,,
-,31,7,วอร์แรนต์,FOSETYL-ALUMINIUM 80% WG,ฟอสอีทิล อะลูมินั่ม,Fungicide,Standard,WG,ผง,ออกฤทธิ์ 2 ทาง ทั้งสัมผัสและดูดซึม ใช้ในการป้องกันกำจัดโรค จากเชื้อราสาเหตุ Phytophthora  ใช้ได้ทั้งพ่นทางใบหรือ ใช้พ่นหรือทาปิดแผลบริเวณที่ถากทาจุดที่เกิดโรค ,Contact ออกฤทธิ์แบบสัมผัส + Systemic ออกฤทธิ์แบบดูดซึม ,27 : Unknown mode of action + M 03 : dithio-carbamates (M: Chemicals with multi-site activity),ออกฤทธิ์ 2 ทาง ทั้งสัมผัสและดูดซึม ใช้ในการป้องกันกำจัดโรค,ป้องกันโรคเชื้อรา เช่น แอนแทรคโนส ใบไหม้ ใบจุดสนิม  ราน้ำค้าง  และ โรค ไฟทอปธอร่า ในทุเรียน ที่ระยะใบ  และผล,พืชไร่ เช่น มันฝรั่ง  ไม้ผล เช่น ทุเรียน   และกลุ่มพืชผัก,ผสมน้ำตามอัตราที่แนะนำ แล้วทำการฉีดพ่นที่ต้น ให้ทั่วบริเวณทรงพุ่ม,ใช้ป้องกันการเกิดโรคได้ทุกระยะ,200 กรัมต่อ 200 ลิตร,ปลอดภัย,สีน้ำเงิน,,,,,http://system.icpladda.com/CDN//fosetyl%2080%20WG_%E0%B8%A7%E0%B8%AD%E0%B8%A3%E0%B9%8C%E0%B9%81%E0%B8%A3%E0%B8%99%E0%B8%95%E0%B9%8C_16112020_161258.pdf
-,32,7,เทอราโน่,DIFENOCONAZOLE + PROPICONAZOLE 15+15% EC,โพรพิโคนาโซล + โพรคลอราซ,Fungicide,Standard,EC,น้ำ,ออกฤทธิ์ 2 ตัวบวก นอกจากมีประสิทธิภาพที่ดีเยี่ยม ในการป้องกันกำจัดโรคในนาข้าวแล้ว ยังมีผลช่วยให้ข้าวเมล็ดใส ได้น้ำหนักดี,Systemic ออกฤทธิ์แบบดูดซึม ,"3+3 : imidazoles (G: sterol biosynthesis in membranes) กลไกการออกฤทธิ์หลัก: สารในกลุ่มนี้ ยับยั้งเอนไซม์ C14-demethylase (CYP51)

CYP51 เป็นเอนไซม์สำคัญในกระบวนการ สังเคราะห์อีร์โกสเตอรอล (ergosterol biosynthesis) ซึ่งเป็นองค์ประกอบหลักของเยื่อหุ้มเซลล์เชื้อรา

เมื่อถูกยับยั้งจะทำให้ การสร้างเยื่อหุ้มเซลล์ผิดปกติ → ความสมบูรณ์ของเซลล์เสีย → การเจริญเติบโตของเชื้อราถูกหยุด → เชื้อราตายในที่สุด",ออกฤทธิ์แบบดูดซึม ทั้งป้องกันและรักษาควบคุมโรคพืชที่เกิดจากเชื้อรา,โรคกาบใบแห้ง โรคกาบใบไหม้ โรคกาบใบเน่า โรคใบขีด ใบจุดสีน้ำตาล โรคเมล็ดด่าง โรคถอดฝักดาบ โรคดอกกระถิน โรคเน่าคอรวง,นาข้าว            ไม้ผล,ผสมน้ำตามอัตราที่แนะนำ แล้วทำการฉีดพ่นที่ต้น ให้ทั่ว,นาข้าวพ่นในระยะข้าวแตกกอจนถึงเก็บเกี่ยว,ในไม้ผล(ทุเรียน) ใช้ 200 ซีซีต่อ 200 ลิตร ในนาข้าว ใช้ 50 ซีซีต่อไร่ ในระยะข้าวเริ่มออกรวง 5%,ปลอดภัยสูง,สีน้ำเงิน,,,,,http://system.icpladda.com/CDN//difeno%20propico_%E0%B9%80%E0%B8%97%E0%B8%AD%E0%B8%A3%E0%B8%B2%E0%B9%82%E0%B8%99_28032025_112117.pdf
33,33,7,พรีดิคท์ 10%,PACLOBUTRAZOL 10% WP,แพคโคบิวทราโซล,PGR,Expand,WP,ผง,1. เป็นแบรนด์ที่เกษตรกรรู้จักมายาวนานมากกว่า 30 ปี 2. เกษตรกรมั่นใจในคุณภาพของสินค้า  3. สินค้าพรีดิคท์ นำ Tech นำเข้ามาผลิตเอง ด้วยสูตรแบบฉบับ ICPL และ FG ทางโรงงานก็นำมาปั่น ให้เนื้อยาผง เบาฟู มีขนาดของอนุภาคที่เล็ก 45 ไมครอน สามารถควบคุมเรื่อง % ของยาได้ตลอด  4. เนื้อยาละเอียด ผงเบาฟู ละลายน้ำง่าย ไม่ตกตะกอนง่าย เวลาราดสารไม่เหลือตตะกอน และคราบสีขาวให้เห็น,Systemic ออกฤทธิ์แบบดูดซึม ,PGR (Plants Growth Regulator) ช่วยยับยั้งการทำงานของ Gib ลดการแตกใบอ่อน ช่วยเพิ่มปริมาณการออกดอก,ใช้ควบคุมการเจริญเติบโตของพืช สามารถดูดซึมผ่านทางรากและทางใบ ราดทางดินจะดูดซึมได้ดีและเร็วกว่า เพิ่มความเขียวของใบ สะสมแป้ง และน้ำตาล เร่งใบให้แก่ พัฒนาตาดอก,ยับยั้งการแตกใบอ่อน,"ทุเรียน , มะม่วง",ผสมน้ำฉีดพ่นบริเวณที่ใบให้ทั่วทรงพุ่ม,ทุเรียน : ใช้พ่นที่ใบ ในระยะใบเพสลาด,ทุเรียน : ใช้อัตรา 2 กิโลกรัม.ผสมน้ำ 200 ลิตร ฉ๊ดพ่นในพื้นที่ 1 ไร่                                             มะม่วง 10 กรัม ต่อเส้นผ่าศูนย์กลางทรงพุ่ม 1 เมตร,ปลอดภัย,สีน้ำเงิน,235-2561,,,,http://system.icpladda.com/CDN//paclobutrazol%2010%20WP_%E0%B8%9E%E0%B8%A3%E0%B8%B5%E0%B8%94%E0%B8%B4%E0%B8%84%E0%B8%97%E0%B9%8C%2010_10032024_201056.pdf
-,34,7,รีโนเวท,PROPICONAZOLE 9% + PROCHLORAZ 40% EC,โพรพิโคนาโซล + โพรคลอราซ,Fungicide,Standard,EC,น้ำ,ออกฤทธิ์แบบดูดซึม ทั้งป้องกันและรักษา ควบคุมโรคพืชที่เกิดจากเชื้อราได้หลายชนิด ใช้ป้องกันกำจัด โรคกาบใบแห้ง โรคใบจุดสีน้ำตาล โรคเมล็ดด่าง โรคราดอกกระถิน โรคเน่าคอรวง ,Systemic ออกฤทธิ์แบบดูดซึม ,"3+3 : imidazoles (G: sterol biosynthesis in membranes) กลไกการออกฤทธิ์หลัก: สารในกลุ่มนี้ ยับยั้งเอนไซม์ C14-demethylase (CYP51)

CYP51 เป็นเอนไซม์สำคัญในกระบวนการ สังเคราะห์อีร์โกสเตอรอล (ergosterol biosynthesis) ซึ่งเป็นองค์ประกอบหลักของเยื่อหุ้มเซลล์เชื้อรา

เมื่อถูกยับยั้งจะทำให้ การสร้างเยื่อหุ้มเซลล์ผิดปกติ → ความสมบูรณ์ของเซลล์เสีย → การเจริญเติบโตของเชื้อราถูกหยุด → เชื้อราตายในที่สุด",ออกฤทธิ์แบบดูดซึม  (systemic)  ทั้งป้องกันและรักษาควบคุมโรคพืชที่เกิดจากเชื้อรา เป็นการออกฤทธิ์แบบยับยั้งการเจริญของเชื้อราได้ทั้งก่อนและหลังการติดเชื้อ (curative + preventive action),โรคกาบใบแห้ง โรคกาบใบไหม้ โรคกาบใบเน่า โรคใบขีด ใบจุดสีน้ำตาล โรคเมล็ดด่าง โรคถอดฝักดาบ โรคดอกกระถิน โรคเน่าคอรวง,นาข้าว            ไม้ผล,ผสมน้ำตามอัตราที่แนะนำ แล้วทำการฉีดพ่นที่ต้น ให้ทั่ว,นาข้าวพ่นในระยะข้าวแตกกอจนถึงเก็บเกี่ยว,ในไม้ผล(ทุเรียน) ใช้ 200 ซีซีต่อ 200 ลิตร ในนาข้าว ใช้ 80 ซีซีต่อไร่ ใช้ได้ตั้งแต่ระยะข้าวแตกกอไปจนถึงข้าวตั้งท้อง และเริ่มออกรวง,ปลอดภัยสูง,สีน้ำเงิน,,,,,http://system.icpladda.com/CDN//prochloraz_propiconazole_%E0%B8%A3%E0%B8%B5%E0%B9%82%E0%B8%99%E0%B9%80%E0%B8%A7%E0%B8%97_26062025_184834.pdf
-,34,7,,GIBBERELLIC ACID 20% ST,จิ๊บเม็ด 20 %,PGR,Standard,ST,เม็ด,,Systemic ออกฤทธิ์แบบดูดซึม ,PGR (Plants Growth Regulator) ช่วยล้างสาร ลดการตกค้างของสาร แพคโคบิวทราโซล  ลดการแตกใบอ่อน ช่วยยืดขนาดของความยาวช่อดอก,,,,,,,,สีน้ำเงิน,,,,,
17,-,4,แอสไปร์,LUFENURON 5% W/V EC,ลูเฟนูรอน,Insecticide,Skyrocket,EC,น้ำ,ใช้ร่วมกับ ไฮซีส เพื่อเพิ่มประสิทธิภาพในการกำจัดแมลงได้ดีขึ้น มีคุณสมบัติในการคุมไข่ ของแมลง ทำให้ลดการระบาดได้เร็ว คุมได้นาน และลดโอกาศการดื้อยาของแมลงได้ดี,Systemic ออกฤทธิ์แบบดูดซึม ,15 : Inhibitors of chitin biosynthesis affecting CHS1,เป็นสารกำจัดแมลงกลุ่ม IGR คือรบกวนการเจริญเติบโตของแมลงต่างๆ โดยยับยั้งการสร้าง ไคติน ทำให้แมลงลอกคราบเพื่อเจริญเติบโตต่อไม่ได้,นาข้าว : ใช้ป้องกันกำจัด ตระกูลหนอนในนาข้าว เช่น หนอนม้วนใบข้าว หนอนกอ หนอนปลอก หนอนกระทู้คอรวง    ข้าวโพด : ใช้ป้องกันกำจัดหนอนกระทู้ข้าวโพดลายจุด   ไม้ผล : ใช้กำจัด หนอนตระกูลต่างๆ เช่น หนอนคืบ หนอนกัดใบ หนอนเจาะดอก หนอนเจาะผล,ปลอดภัยใช้ได้ทุกพืช,ผสมน้ำตามอัตราที่แนะนำ แล้วทำการฉีดพ่นที่ต้น ให้ทั่วบริเวณทรงพุ่ม,ป้องกันหนอนและแมลงได้ใน ทุกระยะ เช่น ระยะแตกใบอ่อน ระยะดอก ระยะติดผล,100-200 ซีซี ต่อน้ำ 200 ลิตร,ปลอดภัย,สีน้ำเงิน,,,,,http://system.icpladda.com/CDN//lufenuron%205%20EC_%E0%B9%81%E0%B8%AD%E0%B8%AA%E0%B9%84%E0%B8%9B%E0%B8%A3%E0%B9%8C_26112020_111102.pdf
14,-,5,แมสฟอร์ด ,PIRIMIPHOS-METHYL 50% W/V EC,พิริมิฟอส-เมทิล,Insecticide,Standard,EC,น้ำ,EC สูตรเย็น จากน้ำมันละหุ่ง ปลอดภัยออกฤทธิ์ 3 ทาง คือ สัมผัสตาย กินตาย และมีไอระเหย จึงสามารถกำจัดเพลี้ยแป้งได้ดี,Systemic ออกฤทธิ์แบบดูดซึม ,1B : Organophosphates (Nerve & Muscle) ,ออกฤทธิ์ทั้งแบบสัมผัสตาย กินตาย และมีไอระเหย ออกฤทธิ์กำจัดแมลงได้ดี,เพลี้ยไฟ เพลี้ยแป้ง เพลี้ยหอย,ปลอดภัยใช้ได้ทุกพืช,ผสมน้ำตามอัตราที่แนะนำ แล้วทำการฉีดพ่นที่ต้น ให้ทั่วบริเวณทรงพุ่ม,ป้องกันหนอนและแมลงได้ใน ทุกระยะ เช่น ระยะแตกใบอ่อน ระยะดอก ระยะติดผล,200-300 ซีซี ต่อน้ำ 200 ลิตร,ปลอดภัย,สีเหลือง,,,,,http://system.icpladda.com/CDN//pirimiphos%2050%20EC_%E0%B9%81%E0%B8%A1%E0%B8%AA%E0%B8%9F%E0%B8%AD%E0%B8%A3%E0%B9%8C%E0%B8%94%20%E0%B8%AB%E0%B8%A1%E0%B8%94%202574_18062025_132720.pdf
27,-,5,โซนิก,PRETILACHLOR 30% W/V EC,เพรทิลาคลอร์,Herbicide,Natural,EC,น้ำ, 1. การออกฤทธิ์แบบดูดซึม: สารนี้ถูกดูดซึมผ่านรากและยอดอ่อนของวัชพืชที่กำลังงอกใหม่ ทำให้หยุดการเจริญเติบโตและตายในที่สุด 2. สามารถใช้ก่อนวัชพืชงอก (pre-emergence) ในข้าวนาหว่านน้ำตม โดยพ่นสารหลังหว่านข้าว 0-4 วัน ,Systemic ออกฤทธิ์แบบดูดซึม ,K3 : Inhibition of Very Long-Chain Fatty Acid Synthesis,การออกฤทธิ์แบบดูดซึม: สารนี้สามารถดูดซึมผ่านรากและใบของวัชพืช หลังการใช้ วัชพืชจะหยุดการเจริญเติบโต และตายในที่สุด ,ประสิทธิภาพในการควบคุมวัชพืชใบแคบ เช่น หญ้าข้าวนก หญ้าดอกขาว และหญ้านกสีชมพู รวมถึงวัชพืชใบกว้าง เช่น ผักปอดนา และวัชพืชประเภทกก เช่น หนวดปลาดุก กกขนาก และกกทราย ,นาข้าว,ผสมน้ำฉีดพ่นบริเวณที่หน้าผิวดินให้ทั่วถึง และสม่ำเสมอ,ใช้ก่อนวัชพืชงอก (pre-emergence) ในข้าวนาหว่านน้ำตม โดยพ่นสารหลังหว่านข้าว 1-4 วัน และทดน้ำเข้านาหลังพ่นสาร 2-3 วัน,200-250 ซีซีต่อไร่,ความปลอดภัยต่อข้าวปลูก: สูตรผสมพิเศษที่มีสารเสริมความปลอดภัย (safener) ช่วยลดความเสี่ยงที่ข้าวจะเกิดอาการใบแดง การเจริญเติบโตชะงัก หรือหน่อหงิกงอ,สีน้ำเงิน,,,,,http://system.icpladda.com/CDN//pretilachlor%2030%20EC_%E0%B9%82%E0%B8%8B%E0%B8%99%E0%B8%B4%E0%B8%81_23072021_142948.pdf
28,-,3,เคเซีย,"2,4-D-BUTYL 3.76% + BUTACHLOR 4% GR","2,4-ดี + บิวทาคลอร์",Herbicide,Natural,GR,ทราย,1. ประสิทธิภาพในการกำจัดวัชพืชหลากหลายชนิด: มีประสิทธิภาพในการกำจัดวัชพืชประเภทใบแคบ เช่น หญ้าข้าวนก หญ้าดอกขาว และหญ้าแดง วัชพืชประเภทใบกว้าง เช่น ผักปอดนา และเทียนนา รวมถึงวัชพืชประเภทกก เช่น หนวดปลาดุก กกทราย และกกขนาก  2. สามารถใช้ได้ทั้งในนาหว่านน้ำตมและนาดำ ,Systemic ออกฤทธิ์แบบดูดซึม ,K3 : Inhibition of Very Long-Chain Fatty Acid Synthesis + O : Auxin Mimics,"2,4-D-BUTYL :  เป็นสารกำจัดวัชพืชในกลุ่ม ฮอร์โมนควบคุมการเจริญเติบโต (Synthetic Auxins) ซึ่งเลียนแบบฮอร์โมนพืช (auxin) ในปริมาณที่มากเกินไปกระตุ้นการเจริญเติบโตของวัชพืชแบบผิดปกติ  ทำให้เซลล์แตกร้าวและตาย ออกฤทธิ์โดยดูดซึมผ่านใบและยอดอ่อนของวัชพืช (Systemic Action) และ BUTACHLOR : เป็นสารกำจัดวัชพืชในกลุ่ม Chloroacetamides ซึ่งยับยั้งเอนไซม์ที่เกี่ยวข้องกับการสร้างกรดไขมันสายยาว (Long-chain fatty acid synthesis inhibitors) ทำให้การสร้างเยื่อหุ้มเซลล์และกระบวนการแบ่งเซลล์ของวัชพืชหยุดชะงัก ออกฤทธิ์โดยดูดซึมผ่านรากและยอดอ่อนของวัชพืช (Residual Action)",มีประสิทธิภาพในการควบคุมวัชพืชใบแคบ เช่น หญ้าข้าวนก และหญ้าดอกขาว รวมถึงวัชพืชประเภทกก เช่น กกขนาก และหนวดปลาดุก,นาข้าว,ใช้หว่าน ให้สม่ำเสมอ ทั่วพื้นที่ตามอัตราที่แนะนำ,ใช้หว่านที่ระยะ 8-10 วันหลังหว่านข้าว และกักน้ำไว้อีกอย่างน้อย 10 วัน, 3-5 กก. ต่อไร่,มีความเสี่ยงเป็นพิษต่อข้าวปลูกได้ หากเกิดการน้ำท่วมยอดข้าว,สีน้ำเงิน,,,,,"http://system.icpladda.com/CDN//2,4-D-butyl_butachlor_%E0%B9%80%E0%B8%84%E0%B9%80%E0%B8%8B%E0%B8%B5%E0%B8%A2_24032025_213644.pdf"
New,-,2,เมลสัน,Spirodiclofen 24%SC,สไปโรไดโคลเฟน,Insecticide,Skyrocket,SC,น้ำ,ยากลุ่มใหม่ ใช้น้อย มีประสิทธิภาพสูง สูตรครีม ใช้ง่าย ปลอดภัย สามารถผสมร่วมกับยาอื่นๆได้ง่าย มีคุณสมบัติในการคุมไข่ไร ทำให้ออกฤทธิ์ควบคุมไรแดงได้นานกว่า 30 วัน ,Translaminar ออกฤทธิ์แบบแทรกซึม ,"23 : Inhibit acetyl coenzyme A carboxylase, part of the first step in lipid biosynthesis, leading to insect death.",ออกฤทธิ์แบบสัมผัสตายและกินตาย เป็นกลุ่ม IGR รบกวนระบบการสังเคราะห์ไขมัน ของแมลง ,,ใช้กำจัดไรแดงได้ปลอดภัย ในทุกพืช,ผสมน้ำตามอัตราที่แนะนำ แล้วทำการฉีดพ่นที่ต้น ให้ทั่วบริเวณทรงพุ่ม,ใช้ป้องกันกำจัดตระกูลไร ในทุกระยะ,100 ซีซี ต่อน้ำ 200 ลิตร,ปลอดภัยสูง,สีน้ำเงิน,,,,,http://system.icpladda.com/CDN//spirodiclofen%2024%20SC_%E0%B9%80%E0%B8%A1%E0%B8%A5%E0%B8%AA%E0%B8%B1%E0%B8%99_19082024_095711.pdf
New,-,1,ไพรซีน,Pymetrozine 50%WG,ไพมีโทรซีน,Insecticide,Standard,WG,ผง,มีคุณสมบติที่โดดเด่นในการกำจัดแมลงตระกูลเพลี้ย เช่น เพลี้ยกระโดดสีน้ำตาล เพลี้ยจักจั่นฝอย โดยเฉพาะ,Systemic ออกฤทธิ์แบบดูดซึม ,9B : Chordotonal Organ TRPV Channel Modulators,ออกฤทธิ์ที่ระบบประสาทในส่วนควบคุมการเคลื่อนที่ของแมลง ทำให้แมลงเป็นอัมพาต ไม่สามารถเคลื่อนที่ ดูดกินน้ำเลี้ยง หรือวางไข่ได้,ใช้ป้องกันกำจัด  เพลี้ยกระโดดสีน้ำตาล เพลี้ยกระโดดหลังขาว เพลี้ยจักจั่นฝอย,นาข้าว,ผสมน้ำตามอัตราที่แนะนำ แล้วทำการฉีดพ่นที่ต้น ให้ทั่วบริเวณทรงพุ่ม,ใช้ป้องกันและกำจัดแมลงปากดูดตระกูลเพลี้ย โดยเฉพาะในระยะแตกใบอ่อน,100 กรัม ต่อน้ำ 200 ลิตร,ปลอดภัยสูง,สีน้ำเงิน,,,,,http://system.icpladda.com/CDN//Pymetrozine%2050_WG-%E0%B9%84%E0%B8%9E%E0%B8%A3%E0%B8%8B%E0%B8%B5%E0%B8%99_20052024_104722.pdf
New,-,0,บลูไวท์,Chlorfenapyr 10%SC,คลอฟีนาเพอร์,Insecticide,Natural,SC,น้ำ,คุณสมบัติเด่น ออกฤทธิ์ช้า (slow-acting) แต่ให้ผลควบคุมแมลงยาวนาน ,ออกฤทธิ์แบบสัมผัสและกินตาย (Contact and ingestion),กลุ่มที่ 13: Uncouplers of oxidative phosphorylation via disruption of the proton gradient,ประเภท: Pyrrole insecticide โหมดออกฤทธิ์: ทำลายกระบวนการสร้างพลังงานในเซลล์ของแมลง (uncouples oxidative phosphorylation in mitochondria) ,ใช้ควบคุมแมลงหลายชนิด เช่น หนอนผีเสื้อ เพลี้ยไฟ ไร,ไม้ผล ผัก ,ผสมน้ำตามอัตราที่แนะนำ แล้วทำการฉีดพ่นที่ต้น ให้ทั่วบริเวณทรงพุ่ม,,200-400 ซีซี ต่อน้ำ 200 ลิตร   (หรือประมาณ 100–200 มิลลิลิตรต่อไร่),มีพิษค่อนข้างสูง ต่อสัตว์เลือดอุ่นและสิ่งแวดล้อม ควรใช้ด้วยความระมัดระวัง มีฤทธิ์ตกค้างนานพอสมควร ควรเว้นระยะเก็บเกี่ยวตามคำแนะนำ,สีน้ำเงิน,,,,,http://system.icpladda.com/CDN//chlorfenapyr%2010%20SC_Rainbow_%E0%B8%9A%E0%B8%A5%E0%B8%B9%E0%B9%84%E0%B8%A7%E0%B8%97%E0%B9%8C_20032025_090437.pdf
New,-,0,อาร์ดอน,"2,4-D TRIISOPROPANOLAMINE SALT + PICLORAM 45.2+11.6% SL ","2,4-ดี + พิคลอแรม",Herbicide,Skyrocket,SL,น้ำ, สารกำจัดวัชพืชแบบดูดซึม ออกฤทธิ์ดีในดินชื้น,Systemic ออกฤทธิ์แบบดูดซึม ,"2,4-D (2,4-dichlorophenoxyacetic acid) เป็นสารกำจัดวัชพืชในกลุ่ม Phenoxycarboxylic acid + Picloram (4-amino-3,5,6-trichloropicolinic acid) เป็นสารกำจัดวัชพืชในกลุ่ม Pyridine carboxylic acid","2,4-D ออกฤทธิ์โดยเลียนแบบฮอร์โมนพืช (auxin) ทำให้พืชเกิดการเจริญเติบโตผิดปกติและตายในที่สุด ส่วนใหญ่ใช้กำจัดวัชพืชใบกว้างและวัชพืชบางชนิดในนาข้าว + Picloram ออกฤทธิ์เป็นสารควบคุมการเจริญเติบโตของพืช (auxin) เช่นกัน มักใช้ควบคุมวัชพืชใบกว้างและวัชพืชที่มีเนื้อไม้ ","กำจัดหญ้าใบกว้าง และกก เช่น เซ่งใบมน โสนหางไก่ ผักปอดนา กกขนาก กกทราย หนวดปลาดุก
หญ้าเถาเลื้อย ผักบุ้ง",นาข้าว,ผสมน้ำฉีดพ่นที่ใบของวัชพืชให้ทั่วถึง,พ่นที่ระยะ 30 วันหลังหว่านข้าว,200 ซีซีต่อไร่,มีพิิษค่อนข้างต่ำ,สีน้ำเงิน,,,,,"http://system.icpladda.com/CDN//2,4-D-triiso_picloram_%E0%B8%AD%E0%B8%B2%E0%B8%A3%E0%B9%8C%E0%B8%94%E0%B8%AD%E0%B8%99_15072025_153134.pdf"
New,-,0,โม-เซ่ 88.8,Mesotrione 8%+atrazine 80.8% WG,เมโซไตรโอน + อาทราซีน,Herbicide,Skyrocket,WG,ผง,ออกฤทธิ์ทั้งคุมและฆ่า: สามารถกำจัดวัชพืชได้ทั้งก่อนและหลังงอก ,Systemic ออกฤทธิ์แบบดูดซึม ,"Mesotrione: เป็นสารกำจัดวัชพืชในกลุ่ม Triketone 
Atrazine: เป็นสารกำจัดวัชพืชในกลุ่ม Triazine","Mesotrione ออกฤทธิ์ยับยั้งเอนไซม์ Hydroxyphenyl Pyruvate Dioxygenase (HPPD) 
Atrazine ออกฤทธิ์ยับยั้งระบบสังเคราะห์แสง ",ใช้ป้องกันกำจัดวัชพืช หญ้าตีนกา หญ้าตีนนก หญ้านกสีชมพู หญ้าดอกขาว ผักเบี้ยหิน ผักโขม สาบเสือ หญ้าแห้วหมู,พืชไร่ : ข้าวโพด อ้อย,ผสมน้ำฉีดพ่นที่ใบของวัชพืชให้ทั่วถึง,พ่นที่ระยะ 15 วันหลังหยอดข้าวโพด,200-250 กรัมต่อไร่,ปลอดภัย,สีเหลือง,,,,,http://system.icpladda.com/CDN//mesotrione+atrazine_%E0%B9%82%E0%B8%A1-%E0%B9%80%E0%B8%8B%E0%B9%88%2088.8_28112024_105430.pdf
,,,,,,,,,,,,,,,,,,,,,,,,,Link ของทะเบียนสินค้า